{
  "project_info": {
    "project_number": "657301927755",
    "firebase_url": "https://capsulephar.firebaseio.com",
    "project_id": "capsulephar",
    "storage_bucket": "capsulephar.appspot.com"
  },
  "client": [
    {
      "client_info": {
        "mobilesdk_app_id": "1:657301927755:android:23827019316c6b28",
        "android_client_info": {
          "package_name": "com.capsulepharmacy"
        }
      },
      "oauth_client": [
        {
          "client_id": "657301927755-vp90t2ft8arjfqqgi01k9l360e1dkqul.apps.googleusercontent.com",
          "client_type": 3
        }
      ],
      "api_key": [
        {
          "current_key": "AIzaSyCZWTfRJMO--Os4Dl0b7oOU8wGnorr2LqU"
        }
      ],
      "services": {
        "analytics_service": {
          "status": 1
        },
        "appinvite_service": {
          "status": 1,
          "other_platform_oauth_client": []
        },
        "ads_service": {
          "status": 2
        }
      }
    }
  ],
  "configuration_version": "1"
}